,Invigilator,Bench_num,Roll_num,Student_name
0,Mekhi Feeney,BN0001,CS0001,Yvie Sosa
1,Mekhi Feeney,BN0002,CS0002,Addison Carr
2,Mekhi Feeney,BN0003,CS0003,Melina Conway
3,Mekhi Feeney,BN0004,CS0004,Lindsay Bradford
4,Mekhi Feeney,BN0005,CS0005,Fern Mccann
5,Mekhi Feeney,BN0006,EE0001,Brian Sutton
6,Mekhi Feeney,BN0007,EE0002,Lucas Castro
7,Mekhi Feeney,BN0008,EE0003,Mateo Adams
8,Mekhi Feeney,BN0009,EE0004,Kellan Mcintyre
9,Mekhi Feeney,BN0010,EE0005,Tyreece Stephenson
10,Mekhi Feeney,BN0011,CV0001,Yvie Sosa
11,Mekhi Feeney,BN0012,CV0002,Addison Carr
12,Mekhi Feeney,BN0013,CV0003,Melina Conway
13,Mekhi Feeney,BN0014,CV0004,Lindsay Bradford
14,Mekhi Feeney,BN0015,CV0005,Fern Mccann
15,Mekhi Feeney,BN0016,MC0001,Brian Sutton
16,Mekhi Feeney,BN0017,MC0002,Lucas Castro
17,Mekhi Feeney,BN0018,MC0003,Mateo Adams
18,Mekhi Feeney,BN0019,MC0004,Kellan Mcintyre
19,Mekhi Feeney,BN0020,MC0005,Tyreece Stephenson
20,Mekhi Feeney,BN0021,CS0006,Jagdeep Searle
21,Mekhi Feeney,BN0022,CS0007,Nuala Bowman
22,Mekhi Feeney,BN0023,CS0008,Tea Avery
23,Mekhi Feeney,BN0024,CS0009,Killian Mccarthy
24,Mekhi Feeney,BN0025,CS0010,Rajveer Miller
25,Mekhi Feeney,BN0026,EE0006,Tommie Crosby
26,Mekhi Feeney,BN0027,EE0007,Bradley Pace
27,Mekhi Feeney,BN0028,EE0008,Andrea Ayers
28,Mekhi Feeney,BN0029,EE0009,Mekhi Feeney
29,Mekhi Feeney,BN0030,EE0010,Nile Sinclair
30,Mekhi Feeney,BN0031,CV0006,Jagdeep Searle
31,Mekhi Feeney,BN0032,CV0007,Nuala Bowman
32,Mekhi Feeney,BN0033,CV0008,Tea Avery
33,Mekhi Feeney,BN0034,CV0009,Killian Mccarthy
34,Mekhi Feeney,BN0035,CV0010,Rajveer Miller
35,Mekhi Feeney,BN0036,MC0006,Tommie Crosby
36,Mekhi Feeney,BN0037,MC0007,Bradley Pace
37,Mekhi Feeney,BN0038,MC0008,Andrea Ayers
38,Mekhi Feeney,BN0039,MC0009,Mekhi Feeney
39,Mekhi Feeney,BN0040,MC0010,Nile Sinclair
40,Mekhi Feeney,BN0041,CS0011,Taliyah Lamb
41,Mekhi Feeney,BN0042,CS0012,Fraya Flores
42,Mekhi Feeney,BN0043,CS0013,Brianna Cuevas
43,Mekhi Feeney,BN0044,CS0014,Tia Mccartney
44,Mekhi Feeney,BN0045,CS0015,Brooke Waller
45,Mekhi Feeney,BN0046,EE0011,Jobe Tillman
46,Mekhi Feeney,BN0047,EE0012,Daniaal Macias
47,Mekhi Feeney,BN0048,EE0013,Eryk Paul
48,Mekhi Feeney,BN0049,EE0014,Valentino Patton
49,Mekhi Feeney,BN0050,EE0015,Aariz Guzman
50,Mekhi Feeney,BN0051,CV0011,Taliyah Lamb
51,Mekhi Feeney,BN0052,CV0012,Fraya Flores
52,Mekhi Feeney,BN0053,CV0013,Brianna Cuevas
53,Mekhi Feeney,BN0054,CV0014,Tia Mccartney
54,Mekhi Feeney,BN0055,CV0015,Brooke Waller
55,Mekhi Feeney,BN0056,MC0011,Jobe Tillman
56,Mekhi Feeney,BN0057,MC0012,Daniaal Macias
57,Mekhi Feeney,BN0058,MC0013,Eryk Paul
58,Mekhi Feeney,BN0059,MC0014,Valentino Patton
59,Mekhi Feeney,BN0060,MC0015,Aariz Guzman
60,Mekhi Feeney,BN0061,CS0016,Nadia Lin
61,Mekhi Feeney,BN0062,CS0017,Juliet Wolfe
62,Mekhi Feeney,BN0063,CS0018,Cadi Whittaker
63,Mekhi Feeney,BN0064,CS0019,Isobel Bate
64,Mekhi Feeney,BN0065,CS0020,Monique Phelps
65,Mekhi Feeney,BN0066,EE0016,Rylee Ballard
66,Mekhi Feeney,BN0067,EE0017,Barney Fritz
67,Mekhi Feeney,BN0068,EE0018,Caine Cano
68,Mekhi Feeney,BN0069,EE0019,Shuaib Muir
69,Mekhi Feeney,BN0070,EE0020,Jorge Hoffman
70,Mekhi Feeney,BN0071,CV0016,Nadia Lin
71,Mekhi Feeney,BN0072,CV0017,Juliet Wolfe
72,Mekhi Feeney,BN0073,CV0018,Cadi Whittaker
73,Mekhi Feeney,BN0074,CV0019,Isobel Bate
74,Mekhi Feeney,BN0075,CV0020,Monique Phelps
75,Mekhi Feeney,BN0076,MC0016,Rylee Ballard
76,Mekhi Feeney,BN0077,MC0017,Barney Fritz
77,Mekhi Feeney,BN0078,MC0018,Caine Cano
78,Mekhi Feeney,BN0079,MC0019,Shuaib Muir
79,Mekhi Feeney,BN0080,MC0020,Jorge Hoffman
80,Mekhi Feeney,BN0081,CS0021,Nabeela Sims
81,Mekhi Feeney,BN0082,CS0022,Lilly Lane
82,Mekhi Feeney,BN0083,CS0023,Rogan Joyce
83,Mekhi Feeney,BN0084,CS0024,Siana Ryder
84,Mekhi Feeney,BN0085,CS0025,Mehak Hess
85,Mekhi Feeney,BN0086,EE0021,Vinny Farmer
86,Mekhi Feeney,BN0087,EE0022,Tymon Howe
87,Mekhi Feeney,BN0088,EE0023,Vivian Wilkes
88,Mekhi Feeney,BN0089,EE0024,Tomasz Simpson
89,Mekhi Feeney,BN0090,EE0025,Marni Koch
90,Mekhi Feeney,BN0091,CV0021,Nabeela Sims
91,Mekhi Feeney,BN0092,CV0022,Lilly Lane
92,Mekhi Feeney,BN0093,CV0023,Rogan Joyce
93,Mekhi Feeney,BN0094,CV0024,Siana Ryder
94,Mekhi Feeney,BN0095,CV0025,Mehak Hess
95,Mekhi Feeney,BN0096,MC0021,Vinny Farmer
96,Mekhi Feeney,BN0097,MC0022,Tymon Howe
97,Mekhi Feeney,BN0098,MC0023,Vivian Wilkes
98,Mekhi Feeney,BN0099,MC0024,Tomasz Simpson
99,Mekhi Feeney,BN0100,MC0025,Marni Koch
100,Mekhi Feeney,BN0101,CS0026,Mariya Harwood
101,Mekhi Feeney,BN0102,CS0027,Kellan Sharma
102,Mekhi Feeney,BN0103,CS0028,Mared Hill
103,Mekhi Feeney,BN0104,CS0029,Nico Lam
104,Mekhi Feeney,BN0105,CS0030,Veronika Bourne
105,Mekhi Feeney,BN0106,EE0026,Idris Robertson
106,Mekhi Feeney,BN0107,EE0027,Heath Bloggs
107,Mekhi Feeney,BN0108,EE0028,Tristan Ramsey
108,Mekhi Feeney,BN0109,EE0029,Joseph Jacobson
109,Mekhi Feeney,BN0110,EE0030,Zi Burn
110,Mekhi Feeney,BN0111,CV0026,Mariya Harwood
111,Mekhi Feeney,BN0112,CV0027,Kellan Sharma
112,Mekhi Feeney,BN0113,CV0028,Mared Hill
113,Mekhi Feeney,BN0114,CV0029,Nico Lam
114,Mekhi Feeney,BN0115,CV0030,Veronika Bourne
115,Mekhi Feeney,BN0116,MC0026,Idris Robertson
116,Mekhi Feeney,BN0117,MC0027,Heath Bloggs
117,Mekhi Feeney,BN0118,MC0028,Tristan Ramsey
118,Mekhi Feeney,BN0119,MC0029,Joseph Jacobson
119,Mekhi Feeney,BN0120,MC0030,Zi Burn
120,Mekhi Feeney,BN0121,CS0031,Makayla Merrill
121,Mekhi Feeney,BN0122,CS0032,Debbie Faulkner
122,Mekhi Feeney,BN0123,CS0033,Sneha Escobar
123,Mekhi Feeney,BN0124,CS0034,Anastazja Garrett
124,Mekhi Feeney,BN0125,CS0035,Crystal Spears
125,Mekhi Feeney,BN0126,EE0031,Tony Villalobos
126,Mekhi Feeney,BN0127,EE0032,Caius Rollins
127,Mekhi Feeney,BN0128,EE0033,Josef Clayton
128,Mekhi Feeney,BN0129,EE0034,Bradleigh Benitez
129,Mekhi Feeney,BN0130,EE0035,Cairo Munoz
130,Mekhi Feeney,BN0131,CV0031,Makayla Merrill
131,Mekhi Feeney,BN0132,CV0032,Debbie Faulkner
132,Mekhi Feeney,BN0133,CV0033,Sneha Escobar
133,Mekhi Feeney,BN0134,CV0034,Anastazja Garrett
134,Mekhi Feeney,BN0135,CV0035,Crystal Spears
135,Mekhi Feeney,BN0136,MC0031,Tony Villalobos
136,Mekhi Feeney,BN0137,MC0032,Caius Rollins
137,Mekhi Feeney,BN0138,MC0033,Josef Clayton
138,Mekhi Feeney,BN0139,MC0034,Bradleigh Benitez
139,Mekhi Feeney,BN0140,MC0035,Cairo Munoz
140,Mekhi Feeney,BN0141,CS0036,Daniella Weiss
141,Mekhi Feeney,BN0142,CS0037,Wyatt Rivera
142,Mekhi Feeney,BN0143,CS0038,Tate Hurley
143,Mekhi Feeney,BN0144,CS0039,Kimberley Armitage
144,Mekhi Feeney,BN0145,CS0040,Sol Mack
145,Mekhi Feeney,BN0146,EE0036,Ivo Henderson
146,Mekhi Feeney,BN0147,EE0037,Jaxon Walmsley
147,Mekhi Feeney,BN0148,EE0038,Soren Wormald
148,Mekhi Feeney,BN0149,EE0039,Boris Horne
149,Mekhi Feeney,BN0150,EE0040,Qasim Keeling
150,Mekhi Feeney,BN0151,CV0036,Daniella Weiss
151,Mekhi Feeney,BN0152,CV0037,Wyatt Rivera
152,Mekhi Feeney,BN0153,CV0038,Tate Hurley
153,Mekhi Feeney,BN0154,CV0039,Kimberley Armitage
154,Mekhi Feeney,BN0155,CV0040,Sol Mack
155,Mekhi Feeney,BN0156,MC0036,Ivo Henderson
156,Mekhi Feeney,BN0157,MC0037,Jaxon Walmsley
157,Mekhi Feeney,BN0158,MC0038,Soren Wormald
158,Mekhi Feeney,BN0159,MC0039,Boris Horne
159,Mekhi Feeney,BN0160,MC0040,Qasim Keeling
160,Mekhi Feeney,BN0161,CS0041,Katherine Ali
161,Mekhi Feeney,BN0162,CS0042,Alisa Hood
162,Mekhi Feeney,BN0163,CS0043,Kai May
163,Mekhi Feeney,BN0164,CS0044,Amelia-Rose Mccallum
164,Mekhi Feeney,BN0165,CS0045,Naomi Zhang
165,Mekhi Feeney,BN0166,EE0041,Zakariya Lord
166,Mekhi Feeney,BN0167,EE0042,Saeed Wharton
167,Mekhi Feeney,BN0168,EE0043,Garfield Iles
168,Mekhi Feeney,BN0169,EE0044,Blair Henson
169,Mekhi Feeney,BN0170,EE0045,Noa May
170,Mekhi Feeney,BN0171,CV0041,Katherine Ali
171,Mekhi Feeney,BN0172,CV0042,Alisa Hood
172,Mekhi Feeney,BN0173,CV0043,Kai May
173,Mekhi Feeney,BN0174,CV0044,Amelia-Rose Mccallum
174,Mekhi Feeney,BN0175,CV0045,Naomi Zhang
175,Mekhi Feeney,BN0176,MC0041,Zakariya Lord
176,Mekhi Feeney,BN0177,MC0042,Saeed Wharton
177,Mekhi Feeney,BN0178,MC0043,Garfield Iles
178,Mekhi Feeney,BN0179,MC0044,Blair Henson
179,Mekhi Feeney,BN0180,MC0045,Noa May
180,Mekhi Feeney,BN0181,CS0046,Roxy Rice
181,Mekhi Feeney,BN0182,CS0047,Amalie Henson
182,Mekhi Feeney,BN0183,CS0048,Ariadne Sampson
183,Mekhi Feeney,BN0184,CS0049,Asmaa Richards
184,Mekhi Feeney,BN0185,CS0050,Chiara Jackson
185,Mekhi Feeney,BN0186,EE0046,Stevie Phelps
186,Mekhi Feeney,BN0187,EE0047,Dafydd Chapman
187,Mekhi Feeney,BN0188,EE0048,Johnny Delacruz
188,Mekhi Feeney,BN0189,EE0049,Kareem Jensen
189,Mekhi Feeney,BN0190,EE0050,Richie Butt
190,Mekhi Feeney,BN0191,CV0046,Roxy Rice
191,Mekhi Feeney,BN0192,CV0047,Amalie Henson
192,Mekhi Feeney,BN0193,CV0048,Ariadne Sampson
193,Mekhi Feeney,BN0194,CV0049,Asmaa Richards
194,Mekhi Feeney,BN0195,CV0050,Chiara Jackson
195,Mekhi Feeney,BN0196,MC0046,Stevie Phelps
196,Mekhi Feeney,BN0197,MC0047,Dafydd Chapman
197,Mekhi Feeney,BN0198,MC0048,Johnny Delacruz
198,Mekhi Feeney,BN0199,MC0049,Kareem Jensen
199,Mekhi Feeney,BN0200,MC0050,Richie Butt
200,Mekhi Feeney,BN0201,CS0051,Luna Walton
201,Mekhi Feeney,BN0202,CS0052,Danika Livingston
202,Mekhi Feeney,BN0203,CS0053,Kia Ayala
203,Mekhi Feeney,BN0204,CS0054,Millie-Mae Chambers
204,Mekhi Feeney,BN0205,CS0055,Isabell Watson
205,Mekhi Feeney,BN0206,EE0051,Lawson Thatcher
206,Mekhi Feeney,BN0207,EE0052,Brooklyn Gould
207,Mekhi Feeney,BN0208,EE0053,Abdur-Rahman Golden
208,Mekhi Feeney,BN0209,EE0054,Russell Winters
209,Mekhi Feeney,BN0210,EE0055,Johnathon Moran
210,Mekhi Feeney,BN0211,CV0051,Luna Walton
211,Mekhi Feeney,BN0212,CV0052,Danika Livingston
212,Mekhi Feeney,BN0213,CV0053,Kia Ayala
213,Mekhi Feeney,BN0214,CV0054,Millie-Mae Chambers
214,Mekhi Feeney,BN0215,CV0055,Isabell Watson
215,Mekhi Feeney,BN0216,MC0051,Lawson Thatcher
216,Mekhi Feeney,BN0217,MC0052,Brooklyn Gould
217,Mekhi Feeney,BN0218,MC0053,Abdur-Rahman Golden
218,Mekhi Feeney,BN0219,MC0054,Russell Winters
219,Mekhi Feeney,BN0220,MC0055,Johnathon Moran
220,Mekhi Feeney,BN0221,CS0056,Mahima Trevino
221,Mekhi Feeney,BN0222,CS0057,Alyx Cardenas
222,Mekhi Feeney,BN0223,CS0058,Charity Fulton
223,Mekhi Feeney,BN0224,CS0059,Alexandra Schaefer
224,Mekhi Feeney,BN0225,CS0060,Cobie Medina
225,Mekhi Feeney,BN0226,EE0056,Farah Clegg
226,Mekhi Feeney,BN0227,EE0057,Tyler-Jay Donaldson
227,Mekhi Feeney,BN0228,EE0058,Azaan Lake
228,Mekhi Feeney,BN0229,EE0059,Zaine Lucero
229,Mekhi Feeney,BN0230,EE0060,Federico Sutherland
230,Mekhi Feeney,BN0231,CV0056,Mahima Trevino
231,Mekhi Feeney,BN0232,CV0057,Alyx Cardenas
232,Mekhi Feeney,BN0233,CV0058,Charity Fulton
233,Mekhi Feeney,BN0234,CV0059,Alexandra Schaefer
234,Mekhi Feeney,BN0235,CV0060,Cobie Medina
235,Mekhi Feeney,BN0236,MC0056,Farah Clegg
236,Mekhi Feeney,BN0237,MC0057,Tyler-Jay Donaldson
237,Mekhi Feeney,BN0238,MC0058,Azaan Lake
238,Mekhi Feeney,BN0239,MC0059,Zaine Lucero
239,Mekhi Feeney,BN0240,MC0060,Federico Sutherland
240,Mekhi Feeney,BN0241,CS0061,Keely Ruiz
241,Mekhi Feeney,BN0242,CS0062,Karolina Hume
242,Mekhi Feeney,BN0243,CS0063,Edith Chan
243,Mekhi Feeney,BN0244,CS0064,Lana Rollins
244,Mekhi Feeney,BN0245,CS0065,Rebeca Mcloughlin
245,Mekhi Feeney,BN0246,EE0061,Jackson Hanson
246,Mekhi Feeney,BN0247,EE0062,Donnell Roth
247,Mekhi Feeney,BN0248,EE0063,Nataniel Rosas
248,Mekhi Feeney,BN0249,EE0064,Jess Felix
249,Mekhi Feeney,BN0250,EE0065,Isaiah Good
250,Mekhi Feeney,BN0251,CV0061,Keely Ruiz
251,Mekhi Feeney,BN0252,CV0062,Karolina Hume
252,Mekhi Feeney,BN0253,CV0063,Edith Chan
253,Mekhi Feeney,BN0254,CV0064,Lana Rollins
254,Mekhi Feeney,BN0255,CV0065,Rebeca Mcloughlin
255,Mekhi Feeney,BN0256,MC0061,Jackson Hanson
256,Mekhi Feeney,BN0257,MC0062,Donnell Roth
257,Mekhi Feeney,BN0258,MC0063,Nataniel Rosas
258,Mekhi Feeney,BN0259,MC0064,Jess Felix
259,Mekhi Feeney,BN0260,MC0065,Isaiah Good
260,Mekhi Feeney,BN0261,CS0066,August Goldsmith
261,Mekhi Feeney,BN0262,CS0067,Sylvia Boyer
262,Mekhi Feeney,BN0263,CS0068,Elaine Wong
263,Mekhi Feeney,BN0264,CS0069,Shanaya O'Ryan
264,Mekhi Feeney,BN0265,CS0070,Kay Andrew
265,Mekhi Feeney,BN0266,EE0066,Raja Head
266,Mekhi Feeney,BN0267,EE0067,Kacper Wicks
267,Mekhi Feeney,BN0268,EE0068,August Currie
268,Mekhi Feeney,BN0269,EE0069,Tolga Andrews
269,Mekhi Feeney,BN0270,EE0070,Montell Brett
270,Mekhi Feeney,BN0271,CV0066,August Goldsmith
271,Mekhi Feeney,BN0272,CV0067,Sylvia Boyer
272,Mekhi Feeney,BN0273,CV0068,Elaine Wong
273,Mekhi Feeney,BN0274,CV0069,Shanaya O'Ryan
274,Mekhi Feeney,BN0275,CV0070,Kay Andrew
275,Mekhi Feeney,BN0276,MC0066,Raja Head
276,Mekhi Feeney,BN0277,MC0067,Kacper Wicks
277,Mekhi Feeney,BN0278,MC0068,August Currie
278,Mekhi Feeney,BN0279,MC0069,Tolga Andrews
279,Mekhi Feeney,BN0280,MC0070,Montell Brett
280,Mekhi Feeney,BN0281,CS0071,Alexandria Holland
281,Mekhi Feeney,BN0282,CS0072,Vicky Mccall
282,Mekhi Feeney,BN0283,CS0073,Gillian Good
283,Mekhi Feeney,BN0284,CS0074,Phyllis Butt
284,Mekhi Feeney,BN0285,CS0075,Manraj Huynh
285,Mekhi Feeney,BN0286,EE0071,Patryk Plant
286,Mekhi Feeney,BN0287,EE0072,Sami Kirkpatrick
287,Mekhi Feeney,BN0288,EE0073,Jak Charles
288,Mekhi Feeney,BN0289,EE0074,Kamran Dillard
289,Mekhi Feeney,BN0290,EE0075,Kaiden Hays
290,Mekhi Feeney,BN0291,CV0071,Alexandria Holland
291,Mekhi Feeney,BN0292,CV0072,Vicky Mccall
292,Mekhi Feeney,BN0293,CV0073,Gillian Good
293,Mekhi Feeney,BN0294,CV0074,Phyllis Butt
294,Mekhi Feeney,BN0295,CV0075,Manraj Huynh
295,Mekhi Feeney,BN0296,MC0071,Patryk Plant
296,Mekhi Feeney,BN0297,MC0072,Sami Kirkpatrick
297,Mekhi Feeney,BN0298,MC0073,Jak Charles
298,Mekhi Feeney,BN0299,MC0074,Kamran Dillard
299,Mekhi Feeney,BN0300,MC0075,Kaiden Hays
300,Mekhi Feeney,BN0301,CS0076,Tayla Ahmed
301,Mekhi Feeney,BN0302,CS0077,Jordan Oneill
302,Mekhi Feeney,BN0303,CS0078,Xanthe Monaghan
303,Mekhi Feeney,BN0304,CS0079,Frida Rigby
304,Mekhi Feeney,BN0305,CS0080,Ayomide Becker
305,Mekhi Feeney,BN0306,EE0076,Abbas Searle
306,Mekhi Feeney,BN0307,EE0077,Bobbie Lin
307,Mekhi Feeney,BN0308,EE0078,Robbie Todd
308,Mekhi Feeney,BN0309,EE0079,Kier Singh
309,Mekhi Feeney,BN0310,EE0080,Rueben Francis
310,Mekhi Feeney,BN0311,CV0076,Tayla Ahmed
311,Mekhi Feeney,BN0312,CV0077,Jordan Oneill
312,Mekhi Feeney,BN0313,CV0078,Xanthe Monaghan
313,Mekhi Feeney,BN0314,CV0079,Frida Rigby
314,Mekhi Feeney,BN0315,CV0080,Ayomide Becker
315,Mekhi Feeney,BN0316,MC0076,Abbas Searle
316,Mekhi Feeney,BN0317,MC0077,Bobbie Lin
317,Mekhi Feeney,BN0318,MC0078,Robbie Todd
318,Mekhi Feeney,BN0319,MC0079,Kier Singh
319,Mekhi Feeney,BN0320,MC0080,Rueben Francis
320,Mekhi Feeney,BN0321,CS0081,Viktoria Brooks
321,Mekhi Feeney,BN0322,CS0082,Suzanne Hilton
322,Mekhi Feeney,BN0323,CS0083,Adele O'Neill
323,Mekhi Feeney,BN0324,CS0084,Lily Le
324,Mekhi Feeney,BN0325,CS0085,Margaret Bates
325,Mekhi Feeney,BN0326,EE0081,Fraser Ashley
326,Mekhi Feeney,BN0327,EE0082,Jai Finley
327,Mekhi Feeney,BN0328,EE0083,Stanley Larsen
328,Mekhi Feeney,BN0329,EE0084,Azeem Estes
329,Mekhi Feeney,BN0330,EE0085,Sulaiman Velasquez
330,Mekhi Feeney,BN0331,CV0081,Viktoria Brooks
331,Mekhi Feeney,BN0332,CV0082,Suzanne Hilton
332,Mekhi Feeney,BN0333,CV0083,Adele O'Neill
333,Mekhi Feeney,BN0334,CV0084,Lily Le
334,Mekhi Feeney,BN0335,CV0085,Margaret Bates
335,Mekhi Feeney,BN0336,MC0081,Fraser Ashley
336,Mekhi Feeney,BN0337,MC0082,Jai Finley
337,Mekhi Feeney,BN0338,MC0083,Stanley Larsen
338,Mekhi Feeney,BN0339,MC0084,Azeem Estes
339,Mekhi Feeney,BN0340,MC0085,Sulaiman Velasquez
340,Mekhi Feeney,BN0341,CS0086,Deniz Webber
341,Mekhi Feeney,BN0342,CS0087,Abigail Handley
342,Mekhi Feeney,BN0343,CS0088,Celyn Reid
343,Mekhi Feeney,BN0344,CS0089,Madihah Salinas
344,Mekhi Feeney,BN0345,CS0090,Madelaine Goodman
345,Mekhi Feeney,BN0346,EE0086,Aled Rogers
346,Mekhi Feeney,BN0347,EE0087,Jonas Berger
347,Mekhi Feeney,BN0348,EE0088,Lleyton Markham
348,Mekhi Feeney,BN0349,EE0089,Gwion Cooke
349,Mekhi Feeney,BN0350,EE0090,Abdullahi Hooper
350,Mekhi Feeney,BN0351,CV0086,Deniz Webber
351,Mekhi Feeney,BN0352,CV0087,Abigail Handley
352,Mekhi Feeney,BN0353,CV0088,Celyn Reid
353,Mekhi Feeney,BN0354,CV0089,Madihah Salinas
354,Mekhi Feeney,BN0355,CV0090,Madelaine Goodman
355,Mekhi Feeney,BN0356,MC0086,Aled Rogers
356,Mekhi Feeney,BN0357,MC0087,Jonas Berger
357,Mekhi Feeney,BN0358,MC0088,Lleyton Markham
358,Mekhi Feeney,BN0359,MC0089,Gwion Cooke
359,Mekhi Feeney,BN0360,MC0090,Abdullahi Hooper
360,Mekhi Feeney,BN0361,CS0091,Ayman Bernal
361,Mekhi Feeney,BN0362,CS0092,Romy Kramer
362,Mekhi Feeney,BN0363,CS0093,Ayisha Sinclair
363,Mekhi Feeney,BN0364,CS0094,Katie Solomon
364,Mekhi Feeney,BN0365,CS0095,Nile Park
365,Mekhi Feeney,BN0366,EE0091,Stefano Vo
366,Mekhi Feeney,BN0367,EE0092,Darnell Mckee
367,Mekhi Feeney,BN0368,EE0093,Xavier Greig
368,Mekhi Feeney,BN0369,EE0094,Osian Cummings
369,Mekhi Feeney,BN0370,EE0095,Caleb Carr
370,Mekhi Feeney,BN0371,CV0091,Ayman Bernal
371,Mekhi Feeney,BN0372,CV0092,Romy Kramer
372,Mekhi Feeney,BN0373,CV0093,Ayisha Sinclair
373,Mekhi Feeney,BN0374,CV0094,Katie Solomon
374,Mekhi Feeney,BN0375,CV0095,Nile Park
375,Mekhi Feeney,BN0376,MC0091,Stefano Vo
376,Mekhi Feeney,BN0377,MC0092,Darnell Mckee
377,Mekhi Feeney,BN0378,MC0093,Xavier Greig
378,Mekhi Feeney,BN0379,MC0094,Osian Cummings
379,Mekhi Feeney,BN0380,MC0095,Caleb Carr
380,Mekhi Feeney,BN0381,CS0096,Callie King
381,Mekhi Feeney,BN0382,CS0097,Maisy Wharton
382,Mekhi Feeney,BN0383,CS0098,Leticia Dunne
383,Mekhi Feeney,BN0384,CS0099,Caprice Sanders
384,Mekhi Feeney,BN0385,CS0100,Linda Salas
385,Mekhi Feeney,BN0386,EE0096,Rafael Cash
386,Mekhi Feeney,BN0387,EE0097,Chester Cope
387,Mekhi Feeney,BN0388,EE0098,Courtney Guerrero
388,Mekhi Feeney,BN0389,EE0099,Joe Peralta
389,Mekhi Feeney,BN0390,EE0100,Kain Kaur
390,Mekhi Feeney,BN0391,CV0096,Callie King
391,Mekhi Feeney,BN0392,CV0097,Maisy Wharton
392,Mekhi Feeney,BN0393,CV0098,Leticia Dunne
393,Mekhi Feeney,BN0394,CV0099,Caprice Sanders
394,Mekhi Feeney,BN0395,CV0100,Linda Salas
395,Mekhi Feeney,BN0396,MC0096,Rafael Cash
396,Mekhi Feeney,BN0397,MC0097,Chester Cope
397,Mekhi Feeney,BN0398,MC0098,Courtney Guerrero
398,Mekhi Feeney,BN0399,MC0099,Joe Peralta
399,Mekhi Feeney,BN0400,MC0100,Kain Kaur
